<metadata xml:lang="en"><Esri><CreaDate>20230515</CreaDate><CreaTime>14005100</CreaTime><ArcGISFormat>1.0</ArcGISFormat><SyncOnce>FALSE</SyncOnce><DataProperties><itemProps><itemName Sync="TRUE">Watershed_Export</itemName><imsContentType Sync="TRUE">002</imsContentType><itemLocation><linkage Sync="TRUE">file://\\Mac\Home\Documents\ArcGIS\Projects\Watershed_Management_Project\Watershed all\Watershed_Export.shp</linkage><protocol Sync="TRUE">Local Area Network</protocol></itemLocation><itemSize Sync="TRUE">0.000</itemSize></itemProps><coordRef><type Sync="TRUE">Projected</type><geogcsn Sync="TRUE">GCS_North_American_1983</geogcsn><csUnits Sync="TRUE">Linear Unit: Meter (1.000000)</csUnits><peXml Sync="TRUE">&lt;ProjectedCoordinateSystem xsi:type='typens:ProjectedCoordinateSystem' xmlns:xsi='http://www.w3.org/2001/XMLSchema-instance' xmlns:xs='http://www.w3.org/2001/XMLSchema' xmlns:typens='http://www.esri.com/schemas/ArcGIS/3.1.0'&gt;&lt;WKT&gt;PROJCS[&amp;quot;MNR_Lambert_Conformal_Conic&amp;quot;,GEOGCS[&amp;quot;GCS_North_American_1983&amp;quot;,DATUM[&amp;quot;D_North_American_1983&amp;quot;,SPHEROID[&amp;quot;GRS_1980&amp;quot;,6378137.0,298.257222101]],PRIMEM[&amp;quot;Greenwich&amp;quot;,0.0],UNIT[&amp;quot;Degree&amp;quot;,0.0174532925199433]],PROJECTION[&amp;quot;Lambert_Conformal_Conic&amp;quot;],PARAMETER[&amp;quot;False_Easting&amp;quot;,930000.0],PARAMETER[&amp;quot;False_Northing&amp;quot;,6430000.0],PARAMETER[&amp;quot;Central_Meridian&amp;quot;,-85.0],PARAMETER[&amp;quot;Standard_Parallel_1&amp;quot;,44.5],PARAMETER[&amp;quot;Standard_Parallel_2&amp;quot;,53.5],PARAMETER[&amp;quot;Latitude_Of_Origin&amp;quot;,0.0],UNIT[&amp;quot;Meter&amp;quot;,1.0]]&lt;/WKT&gt;&lt;XOrigin&gt;-35121300&lt;/XOrigin&gt;&lt;YOrigin&gt;-18032700&lt;/YOrigin&gt;&lt;XYScale&gt;124921975.83361751&lt;/XYScale&gt;&lt;ZOrigin&gt;-100000&lt;/ZOrigin&gt;&lt;ZScale&gt;10000&lt;/ZScale&gt;&lt;MOrigin&gt;-100000&lt;/MOrigin&gt;&lt;MScale&gt;10000&lt;/MScale&gt;&lt;XYTolerance&gt;0.001&lt;/XYTolerance&gt;&lt;ZTolerance&gt;0.001&lt;/ZTolerance&gt;&lt;MTolerance&gt;0.001&lt;/MTolerance&gt;&lt;HighPrecision&gt;true&lt;/HighPrecision&gt;&lt;/ProjectedCoordinateSystem&gt;</peXml><projcsn Sync="TRUE">MNR_Lambert_Conformal_Conic</projcsn></coordRef><lineage><Process ToolSource="c:\program files\arcgis\pro\Resources\ArcToolbox\toolboxes\Data Management Tools.tbx\Merge" Date="20230214" Time="113433">Merge 'Output Watershed 1';'Output Watershed 2';'Output Watershed3';'Output Watershed 4';'Output Watershed 5';'Output Watershed 7';'Output Watershed 9';'Output Watershed';'Output Watershed 11';'Output Watershed 12';'Output Watershed 13';'Output Watershed';'Output Watershed';'Output Watershed';'Output Watershed';'Output Watershed';'Output Watershed 28';'Output Watershed v26';'Output Watershed 25' E:\Watershed_management-EDrive_2\Watershed_management-EDrive_2.gdb\OutputWatershed1_Merge "PourPtID "Pour Point ID" true true false 4 Long 0 0,First,#,Output Watershed 1,PourPtID,-1,-1,Output Watershed 2,PourPtID,-1,-1,Output Watershed3,PourPtID,-1,-1,Output Watershed 4,PourPtID,-1,-1,Output Watershed 5,PourPtID,-1,-1,Output Watershed 7,PourPtID,-1,-1,Output Watershed 9,PourPtID,-1,-1,Output Watershed,PourPtID,-1,-1,Output Watershed 11,PourPtID,-1,-1,Output Watershed 12,PourPtID,-1,-1,Output Watershed 13,PourPtID,-1,-1,Output Watershed,PourPtID,-1,-1,Output Watershed,PourPtID,-1,-1,Output Watershed,PourPtID,-1,-1,Output Watershed,PourPtID,-1,-1,Output Watershed,PourPtID,-1,-1;Description "Description" true true false 50 Text 0 0,First,#,Output Watershed 1,Description,0,50,Output Watershed 2,Description,0,50,Output Watershed3,Description,0,50,Output Watershed 4,Description,0,50,Output Watershed 5,Description,0,50,Output Watershed 7,Description,0,50,Output Watershed 9,Description,0,50,Output Watershed,Description,0,50,Output Watershed 11,Description,0,50,Output Watershed 12,Description,0,50,Output Watershed 13,Description,0,50,Output Watershed,Description,0,50,Output Watershed,Description,0,50,Output Watershed,Description,0,50,Output Watershed,Description,0,50,Output Watershed,Description,0,50;DataResolution "Data Resolution" true true false 50 Text 0 0,First,#,Output Watershed 1,DataResolution,0,50,Output Watershed 2,DataResolution,0,50,Output Watershed3,DataResolution,0,50,Output Watershed 4,DataResolution,0,50,Output Watershed 5,DataResolution,0,50,Output Watershed 7,DataResolution,0,50,Output Watershed 9,DataResolution,0,50,Output Watershed,DataResolution,0,50,Output Watershed 11,DataResolution,0,50,Output Watershed 12,DataResolution,0,50,Output Watershed 13,DataResolution,0,50,Output Watershed,DataResolution,0,50,Output Watershed,DataResolution,0,50,Output Watershed,DataResolution,0,50,Output Watershed,DataResolution,0,50,Output Watershed,DataResolution,0,50;AreaSqKm "Area Square Kilometers" true true false 8 Double 0 0,First,#,Output Watershed 1,AreaSqKm,-1,-1,Output Watershed 2,AreaSqKm,-1,-1,Output Watershed3,AreaSqKm,-1,-1,Output Watershed 4,AreaSqKm,-1,-1,Output Watershed 5,AreaSqKm,-1,-1,Output Watershed 7,AreaSqKm,-1,-1,Output Watershed 9,AreaSqKm,-1,-1,Output Watershed,AreaSqKm,-1,-1,Output Watershed 11,AreaSqKm,-1,-1,Output Watershed 12,AreaSqKm,-1,-1,Output Watershed 13,AreaSqKm,-1,-1,Output Watershed,AreaSqKm,-1,-1,Output Watershed,AreaSqKm,-1,-1,Output Watershed,AreaSqKm,-1,-1,Output Watershed,AreaSqKm,-1,-1,Output Watershed,AreaSqKm,-1,-1;Shape_Length "Shape_Length" false true true 8 Double 0 0,First,#,Output Watershed 1,Shape_Length,-1,-1,Output Watershed 2,Shape_Length,-1,-1,Output Watershed3,Shape_Length,-1,-1,Output Watershed 4,Shape_Length,-1,-1,Output Watershed 5,Shape_Length,-1,-1,Output Watershed 7,Shape_Length,-1,-1,Output Watershed 9,Shape_Length,-1,-1,Output Watershed,Shape_Length,-1,-1,Output Watershed 11,Shape_Length,-1,-1,Output Watershed 12,Shape_Length,-1,-1,Output Watershed 13,Shape_Length,-1,-1,Output Watershed,Shape_Length,-1,-1,Output Watershed,Shape_Length,-1,-1,Output Watershed,Shape_Length,-1,-1,Output Watershed,Shape_Length,-1,-1,Output Watershed,Shape_Length,-1,-1;Shape_Area "Shape_Area" false true true 8 Double 0 0,First,#,Output Watershed 1,Shape_Area,-1,-1,Output Watershed 2,Shape_Area,-1,-1,Output Watershed3,Shape_Area,-1,-1,Output Watershed 4,Shape_Area,-1,-1,Output Watershed 5,Shape_Area,-1,-1,Output Watershed 7,Shape_Area,-1,-1,Output Watershed 9,Shape_Area,-1,-1,Output Watershed,Shape_Area,-1,-1,Output Watershed 11,Shape_Area,-1,-1,Output Watershed 12,Shape_Area,-1,-1,Output Watershed 13,Shape_Area,-1,-1,Output Watershed,Shape_Area,-1,-1,Output Watershed,Shape_Area,-1,-1,Output Watershed,Shape_Area,-1,-1,Output Watershed,Shape_Area,-1,-1,Output Watershed,Shape_Area,-1,-1" ADD_SOURCE_INFO</Process><Process ToolSource="c:\program files\arcgis\pro\Resources\ArcToolbox\toolboxes\Data Management Tools.tbx\Merge" Date="20230214" Time="125832">Merge OutputWatershed1_Merge;OutputWatershed28_Merge2 E:\Watershed_management-EDrive_2\Watershed_management-EDrive_2.gdb\OutputWatershed1_Merge_Merge "PourPtID "Pour Point ID" true true false 4 Long 0 0,First,#,OutputWatershed1_Merge,PourPtID,-1,-1,OutputWatershed28_Merge2,PourPtID,-1,-1;Description "Description" true true false 50 Text 0 0,First,#,OutputWatershed1_Merge,Description,0,50,OutputWatershed28_Merge2,Description,0,50;DataResolution "Data Resolution" true true false 50 Text 0 0,First,#,OutputWatershed1_Merge,DataResolution,0,50,OutputWatershed28_Merge2,DataResolution,0,50;AreaSqKm "Area Square Kilometers" true true false 8 Double 0 0,First,#,OutputWatershed1_Merge,AreaSqKm,-1,-1,OutputWatershed28_Merge2,AreaSqKm,-1,-1;MERGE_SRC "MERGE_SRC" true true false 255 Text 0 0,First,#,OutputWatershed1_Merge,MERGE_SRC,0,255,OutputWatershed28_Merge2,MERGE_SRC,0,255;Shape_Length "Shape_Length" false true true 8 Double 0 0,First,#,OutputWatershed1_Merge,Shape_Length,-1,-1,OutputWatershed28_Merge2,Shape_Length,-1,-1;Shape_Area "Shape_Area" false true true 8 Double 0 0,First,#,OutputWatershed1_Merge,Shape_Area,-1,-1,OutputWatershed28_Merge2,Shape_Area,-1,-1" ADD_SOURCE_INFO</Process><Process ToolSource="c:\program files\arcgis\pro\Resources\ArcToolbox\toolboxes\Data Management Tools.tbx\UpdateSchema" Date="20230214" Time="130409">UpdateSchema "CIMDATA=&lt;CIMStandardDataConnection xsi:type='typens:CIMStandardDataConnection' xmlns:xsi='http://www.w3.org/2001/XMLSchema-instance' xmlns:xs='http://www.w3.org/2001/XMLSchema' xmlns:typens='http://www.esri.com/schemas/ArcGIS/3.0.0'&gt;&lt;WorkspaceConnectionString&gt;DATABASE=E:\Watershed_management-EDrive_2\Watershed_management-EDrive_2.gdb&lt;/WorkspaceConnectionString&gt;&lt;WorkspaceFactory&gt;FileGDB&lt;/WorkspaceFactory&gt;&lt;Dataset&gt;OutputWatershed1_Merge_Merge&lt;/Dataset&gt;&lt;DatasetType&gt;esriDTFeatureClass&lt;/DatasetType&gt;&lt;/CIMStandardDataConnection&gt;" &lt;operationSequence&gt;&lt;workflow&gt;&lt;AddField&gt;&lt;field_name&gt;Polygons_To_Keep&lt;/field_name&gt;&lt;field_type&gt;DOUBLE&lt;/field_type&gt;&lt;field_is_nullable&gt;True&lt;/field_is_nullable&gt;&lt;field_is_required&gt;False&lt;/field_is_required&gt;&lt;/AddField&gt;&lt;/workflow&gt;&lt;/operationSequence&gt;</Process><Process ToolSource="c:\program files\arcgis\pro\Resources\ArcToolbox\toolboxes\Data Management Tools.tbx\CalculateField" Date="20230214" Time="130726">CalculateField OutputWatershed1_Merge_Merge Polygons_To_Keep "reclass (!Shape_Area!)" "Python 3" "def reclass (Shape_Area):
    if (Shape_Area&lt;0.02):
        return 1
    else: 
        return 0" Text NO_ENFORCE_DOMAINS</Process><Process ToolSource="c:\program files\arcgis\pro\Resources\ArcToolbox\toolboxes\Analysis Tools.tbx\Select" Date="20230214" Time="131637">Select OutputWatershed1_Merge_Merge E:\Watershed_management-EDrive_2\Watershed_management-EDrive_2.gdb\OutputWatershed1_Merg_Select "Shape_Area &lt; 1.15347221946033E-03"</Process><Process ToolSource="c:\program files\arcgis\pro\Resources\ArcToolbox\toolboxes\Conversion Tools.tbx\FeatureClassToFeatureClass" Date="20230214" Time="133242">FeatureClassToFeatureClass OutputWatershed1_Merg_Select "C:\Users\Benjamin Kemp\Desktop\GIS\Watershed Management Data and Watersheds\TLB_Database_Updated_December_2022.gdb" Recharge_Zones_All # "PourPtID "Pour Point ID" true true false 4 Long 0 0,First,#,OutputWatershed1_Merg_Select,PourPtID,-1,-1;Description "Description" true true false 50 Text 0 0,First,#,OutputWatershed1_Merg_Select,Description,0,50;DataResolution "Data Resolution" true true false 50 Text 0 0,First,#,OutputWatershed1_Merg_Select,DataResolution,0,50;AreaSqKm "Area Square Kilometers" true true false 8 Double 0 0,First,#,OutputWatershed1_Merg_Select,AreaSqKm,-1,-1;MERGE_SRC "MERGE_SRC" true true false 255 Text 0 0,First,#,OutputWatershed1_Merg_Select,MERGE_SRC,0,255;MERGE_SRC_1 "MERGE_SRC" true true false 255 Text 0 0,First,#,OutputWatershed1_Merg_Select,MERGE_SRC_1,0,255;Polygons_To_Keep "Polygons_To_Keep" true true false 8 Double 0 0,First,#,OutputWatershed1_Merg_Select,Polygons_To_Keep,-1,-1;Shape_Length "Shape_Length" false true true 8 Double 0 0,First,#,OutputWatershed1_Merg_Select,Shape_Length,-1,-1;Shape_Area "Shape_Area" false true true 8 Double 0 0,First,#,OutputWatershed1_Merg_Select,Shape_Area,-1,-1" #</Process><Process ToolSource="c:\program files\arcgis\pro\Resources\ArcToolbox\toolboxes\Data Management Tools.tbx\Project" Date="20230215" Time="112028">Project "C:\Users\Benjamin Kemp\Desktop\GIS\Watershed Management Data and Watersheds\TLB_Database_Updated_December_2022.gdb\Recharge_Zones_All" "C:\Users\Benjamin Kemp\Desktop\GIS\Watershed Management Data and Watersheds\TLB_Database_Updated_December_2022.gdb\Recharge_Zones_All_projected" GEOGCS["GCS_North_American_1983",DATUM["D_North_American_1983",SPHEROID["GRS_1980",6378137.0,298.257222101]],PRIMEM["Greenwich",0.0],UNIT["Degree",0.0174532925199433]] WGS_1984_(ITRF00)_To_NAD_1983 GEOGCS["GCS_WGS_1984",DATUM["D_WGS_1984",SPHEROID["WGS_1984",6378137.0,298.257223563]],PRIMEM["Greenwich",0.0],UNIT["Degree",0.0174532925199433]] NO_PRESERVE_SHAPE # NO_VERTICAL</Process><Process ToolSource="c:\program files\arcgis\pro\Resources\ArcToolbox\toolboxes\Data Management Tools.tbx\Merge" Date="20230226" Time="114104">Merge Recharge_Zones_All_projected;'Output Watershed' "C:\Users\Benjamin Kemp\Documents\ArcGIS\Projects\Watershed_management_Final_Version\Watershed_management_Final_Version.gdb\Recharge_Zones_All_p_P_Merge" "PourPtID "Pour Point ID" true true false 4 Long 0 0,First,#,Recharge_Zones_All_projected,PourPtID,-1,-1,Output Watershed,PourPtID,-1,-1;Description "Description" true true false 50 Text 0 0,First,#,Recharge_Zones_All_projected,Description,0,50,Output Watershed,Description,0,50;DataResolution "Data Resolution" true true false 50 Text 0 0,First,#,Recharge_Zones_All_projected,DataResolution,0,50,Output Watershed,DataResolution,0,50;AreaSqKm "Area Square Kilometers" true true false 8 Double 0 0,First,#,Recharge_Zones_All_projected,AreaSqKm,-1,-1,Output Watershed,AreaSqKm,-1,-1;MERGE_SRC "MERGE_SRC" true true false 255 Text 0 0,First,#,Recharge_Zones_All_projected,MERGE_SRC,0,255;MERGE_SRC_1 "MERGE_SRC" true true false 255 Text 0 0,First,#,Recharge_Zones_All_projected,MERGE_SRC_1,0,255;Polygons_To_Keep "Polygons_To_Keep" true true false 8 Double 0 0,First,#,Recharge_Zones_All_projected,Polygons_To_Keep,-1,-1;Shape_Length "Shape_Length" false true true 8 Double 0 0,First,#,Recharge_Zones_All_projected,Shape_Length,-1,-1,Output Watershed,Shape_Length,-1,-1;Shape_Area "Shape_Area" false true true 8 Double 0 0,First,#,Recharge_Zones_All_projected,Shape_Area,-1,-1,Output Watershed,Shape_Area,-1,-1" ADD_SOURCE_INFO</Process><Process ToolSource="c:\program files\arcgis\pro\Resources\ArcToolbox\toolboxes\Data Management Tools.tbx\Merge" Date="20230226" Time="114156">Merge Recharge_Zones_All_p_P_Merge;Recharge_Zones_Merged_Clip_to_merge "C:\Users\Benjamin Kemp\Documents\ArcGIS\Projects\Watershed_management_Final_Version\Watershed_management_Final_Version.gdb\Recharge_Zones_All_p_P_Merge1" "PourPtID "Pour Point ID" true true false 4 Long 0 0,First,#,Recharge_Zones_All_p_P_Merge,PourPtID,-1,-1;Description "Description" true true false 50 Text 0 0,First,#,Recharge_Zones_All_p_P_Merge,Description,0,50;DataResolution "Data Resolution" true true false 50 Text 0 0,First,#,Recharge_Zones_All_p_P_Merge,DataResolution,0,50;AreaSqKm "Area Square Kilometers" true true false 8 Double 0 0,First,#,Recharge_Zones_All_p_P_Merge,AreaSqKm,-1,-1;MERGE_SRC "MERGE_SRC" true true false 255 Text 0 0,First,#,Recharge_Zones_All_p_P_Merge,MERGE_SRC,0,255;MERGE_SRC_1 "MERGE_SRC" true true false 255 Text 0 0,First,#,Recharge_Zones_All_p_P_Merge,MERGE_SRC_1,0,255;Polygons_To_Keep "Polygons_To_Keep" true true false 8 Double 0 0,First,#,Recharge_Zones_All_p_P_Merge,Polygons_To_Keep,-1,-1;MERGE_SRC_12 "MERGE_SRC" true true false 255 Text 0 0,First,#,Recharge_Zones_All_p_P_Merge,MERGE_SRC_12,0,255;Shape_Length "Shape_Length" false true true 8 Double 0 0,First,#,Recharge_Zones_All_p_P_Merge,Shape_Length,-1,-1,Recharge_Zones_Merged_Clip_to_merge,Shape_Length,-1,-1;Shape_Area "Shape_Area" false true true 8 Double 0 0,First,#,Recharge_Zones_All_p_P_Merge,Shape_Area,-1,-1,Recharge_Zones_Merged_Clip_to_merge,Shape_Area,-1,-1;OFATID "OFATID" true true false 4 Long 0 0,First,#,Recharge_Zones_Merged_Clip_to_merge,OFATID,-1,-1" ADD_SOURCE_INFO</Process><Process ToolSource="c:\program files\arcgis\pro\Resources\ArcToolbox\toolboxes\Conversion Tools.tbx\ExportFeatures" Date="20230226" Time="120647">ExportFeatures Recharge_Zones_(Merged_all) "C:\Users\Benjamin Kemp\Desktop\GIS\Watershed Management Data and Watersheds\TLB_Database_Updated_December_2022.gdb\Recharge_Zones\Recharge_zones_merged_all_feb_26th" # NOT_USE_ALIAS "PourPtID "Pour Point ID" true true false 4 Long 0 0,First,#,Recharge_Zones_(Merged_all),PourPtID,-1,-1;Description "Description" true true false 50 Text 0 0,First,#,Recharge_Zones_(Merged_all),Description,0,50;DataResolution "Data Resolution" true true false 50 Text 0 0,First,#,Recharge_Zones_(Merged_all),DataResolution,0,50;AreaSqKm "Area Square Kilometers" true true false 8 Double 0 0,First,#,Recharge_Zones_(Merged_all),AreaSqKm,-1,-1;MERGE_SRC "MERGE_SRC" true true false 255 Text 0 0,First,#,Recharge_Zones_(Merged_all),MERGE_SRC,0,255;MERGE_SRC_1 "MERGE_SRC" true true false 255 Text 0 0,First,#,Recharge_Zones_(Merged_all),MERGE_SRC_1,0,255;Polygons_To_Keep "Polygons_To_Keep" true true false 8 Double 0 0,First,#,Recharge_Zones_(Merged_all),Polygons_To_Keep,-1,-1;MERGE_SRC_12 "MERGE_SRC" true true false 255 Text 0 0,First,#,Recharge_Zones_(Merged_all),MERGE_SRC_12,0,255;OFATID "OFATID" true true false 4 Long 0 0,First,#,Recharge_Zones_(Merged_all),OFATID,-1,-1;MERGE_SRC_12_13 "MERGE_SRC" true true false 255 Text 0 0,First,#,Recharge_Zones_(Merged_all),MERGE_SRC_12_13,0,255;Shape_Length "Shape_Length" false true true 8 Double 0 0,First,#,Recharge_Zones_(Merged_all),Shape_Length,-1,-1;Shape_Area "Shape_Area" false true true 8 Double 0 0,First,#,Recharge_Zones_(Merged_all),Shape_Area,-1,-1" #</Process><Process ToolSource="c:\windows\Resources\ArcToolbox\toolboxes\Conversion Tools.tbx\ExportFeatures" Date="20230830" Time="123709">ExportFeatures Recharge_Zones\Recharge_zones_merged_all_feb_26th "\\Mac\Home\Documents\ArcGIS\Projects\Watershed_Management_Project\Watershed all\Watershed_Export.shp" # NOT_USE_ALIAS "PourPtID "Pour Point ID" true true false 4 Long 0 0,First,#,Recharge_Zones\Recharge_zones_merged_all_feb_26th,PourPtID,-1,-1;Description "Description" true true false 50 Text 0 0,First,#,Recharge_Zones\Recharge_zones_merged_all_feb_26th,Description,0,50;DataResolution "Data Resolution" true true false 50 Text 0 0,First,#,Recharge_Zones\Recharge_zones_merged_all_feb_26th,DataResolution,0,50;AreaSqKm "Area Square Kilometers" true true false 8 Double 0 0,First,#,Recharge_Zones\Recharge_zones_merged_all_feb_26th,AreaSqKm,-1,-1;MERGE_SRC "MERGE_SRC" true true false 255 Text 0 0,First,#,Recharge_Zones\Recharge_zones_merged_all_feb_26th,MERGE_SRC,0,255;MERGE_SRC_1 "MERGE_SRC" true true false 255 Text 0 0,First,#,Recharge_Zones\Recharge_zones_merged_all_feb_26th,MERGE_SRC_1,0,255;Polygons_To_Keep "Polygons_To_Keep" true true false 8 Double 0 0,First,#,Recharge_Zones\Recharge_zones_merged_all_feb_26th,Polygons_To_Keep,-1,-1;MERGE_SRC_12 "MERGE_SRC" true true false 255 Text 0 0,First,#,Recharge_Zones\Recharge_zones_merged_all_feb_26th,MERGE_SRC_12,0,255;OFATID "OFATID" true true false 4 Long 0 0,First,#,Recharge_Zones\Recharge_zones_merged_all_feb_26th,OFATID,-1,-1;MERGE_SRC_12_13 "MERGE_SRC" true true false 255 Text 0 0,First,#,Recharge_Zones\Recharge_zones_merged_all_feb_26th,MERGE_SRC_12_13,0,255;Shape_Length "Shape_Length" false true true 8 Double 0 0,First,#,Recharge_Zones\Recharge_zones_merged_all_feb_26th,Shape_Length,-1,-1;Shape_Area "Shape_Area" false true true 8 Double 0 0,First,#,Recharge_Zones\Recharge_zones_merged_all_feb_26th,Shape_Area,-1,-1" #</Process></lineage></DataProperties><SyncDate>20230830</SyncDate><SyncTime>12370700</SyncTime><ModDate>20230830</ModDate><ModTime>12370700</ModTime></Esri><dataIdInfo><envirDesc Sync="TRUE">Microsoft Windows 10 Version 10.0 (Build 22621) ; Esri ArcGIS 13.1.0.41833</envirDesc><dataLang><languageCode value="eng" Sync="TRUE"></languageCode><countryCode value="USA" Sync="TRUE"></countryCode></dataLang><idCitation><resTitle Sync="TRUE">Watershed_Export</resTitle><presForm><PresFormCd value="005" Sync="TRUE"></PresFormCd></presForm></idCitation><spatRpType><SpatRepTypCd value="001" Sync="TRUE"></SpatRepTypCd></spatRpType></dataIdInfo><mdLang><languageCode value="eng" Sync="TRUE"></languageCode><countryCode value="USA" Sync="TRUE"></countryCode></mdLang><distInfo><distFormat><formatName Sync="TRUE">Shapefile</formatName></distFormat><distTranOps><transSize Sync="TRUE">0.000</transSize></distTranOps></distInfo><mdHrLv><ScopeCd value="005" Sync="TRUE"></ScopeCd></mdHrLv><mdHrLvName Sync="TRUE">dataset</mdHrLvName><refSysInfo><RefSystem><refSysID><identCode code="0" Sync="TRUE"></identCode><idCodeSpace Sync="TRUE">EPSG</idCodeSpace><idVersion Sync="TRUE">6.5(3.0.1)</idVersion></refSysID></RefSystem></refSysInfo><spatRepInfo><VectSpatRep><geometObjs Name="Watershed_Export"><geoObjTyp><GeoObjTypCd value="002" Sync="TRUE"></GeoObjTypCd></geoObjTyp><geoObjCnt Sync="TRUE">0</geoObjCnt></geometObjs><topLvl><TopoLevCd value="001" Sync="TRUE"></TopoLevCd></topLvl></VectSpatRep></spatRepInfo><spdoinfo><ptvctinf><esriterm Name="Watershed_Export"><efeatyp Sync="TRUE">Simple</efeatyp><efeageom code="4" Sync="TRUE"></efeageom><esritopo Sync="TRUE">FALSE</esritopo><efeacnt Sync="TRUE">0</efeacnt><spindex Sync="TRUE">FALSE</spindex><linrefer Sync="TRUE">FALSE</linrefer></esriterm></ptvctinf></spdoinfo><eainfo><detailed Name="Watershed_Export"><enttyp><enttypl Sync="TRUE">Watershed_Export</enttypl><enttypt Sync="TRUE">Feature Class</enttypt><enttypc Sync="TRUE">0</enttypc></enttyp><attr><attrlabl Sync="TRUE">FID</attrlabl><attalias Sync="TRUE">FID</attalias><attrtype Sync="TRUE">OID</attrtype><attwidth Sync="TRUE">4</attwidth><atprecis Sync="TRUE">0</atprecis><attscale Sync="TRUE">0</attscale><attrdef Sync="TRUE">Internal feature number.</attrdef><attrdefs Sync="TRUE">Esri</attrdefs><attrdomv><udom Sync="TRUE">Sequential unique whole numbers that are automatically generated.</udom></attrdomv></attr><attr><attrlabl Sync="TRUE">Shape</attrlabl><attalias Sync="TRUE">Shape</attalias><attrtype Sync="TRUE">Geometry</attrtype><attwidth Sync="TRUE">0</attwidth><atprecis Sync="TRUE">0</atprecis><attscale Sync="TRUE">0</attscale><attrdef Sync="TRUE">Feature geometry.</attrdef><attrdefs Sync="TRUE">Esri</attrdefs><attrdomv><udom Sync="TRUE">Coordinates defining the features.</udom></attrdomv></attr><attr><attrlabl Sync="TRUE">PourPtID</attrlabl><attalias Sync="TRUE">PourPtID</attalias><attrtype Sync="TRUE">Integer</attrtype><attwidth Sync="TRUE">10</attwidth><atprecis Sync="TRUE">10</atprecis><attscale Sync="TRUE">0</attscale></attr><attr><attrlabl Sync="TRUE">Descriptio</attrlabl><attalias Sync="TRUE">Descriptio</attalias><attrtype Sync="TRUE">String</attrtype><attwidth Sync="TRUE">50</attwidth><atprecis Sync="TRUE">0</atprecis><attscale Sync="TRUE">0</attscale></attr><attr><attrlabl Sync="TRUE">DataResolu</attrlabl><attalias Sync="TRUE">DataResolu</attalias><attrtype Sync="TRUE">String</attrtype><attwidth Sync="TRUE">50</attwidth><atprecis Sync="TRUE">0</atprecis><attscale Sync="TRUE">0</attscale></attr><attr><attrlabl Sync="TRUE">AreaSqKm</attrlabl><attalias Sync="TRUE">AreaSqKm</attalias><attrtype Sync="TRUE">Double</attrtype><attwidth Sync="TRUE">19</attwidth><atprecis Sync="TRUE">0</atprecis><attscale Sync="TRUE">0</attscale></attr><attr><attrlabl Sync="TRUE">MERGE_SRC</attrlabl><attalias Sync="TRUE">MERGE_SRC</attalias><attrtype Sync="TRUE">String</attrtype><attwidth Sync="TRUE">254</attwidth><atprecis Sync="TRUE">0</atprecis><attscale Sync="TRUE">0</attscale></attr><attr><attrlabl Sync="TRUE">MERGE_SRC_</attrlabl><attalias Sync="TRUE">MERGE_SRC_</attalias><attrtype Sync="TRUE">String</attrtype><attwidth Sync="TRUE">254</attwidth><atprecis Sync="TRUE">0</atprecis><attscale Sync="TRUE">0</attscale></attr><attr><attrlabl Sync="TRUE">Polygons_T</attrlabl><attalias Sync="TRUE">Polygons_T</attalias><attrtype Sync="TRUE">Double</attrtype><attwidth Sync="TRUE">19</attwidth><atprecis Sync="TRUE">0</atprecis><attscale Sync="TRUE">0</attscale></attr><attr><attrlabl Sync="TRUE">MERGE_SRC1</attrlabl><attalias Sync="TRUE">MERGE_SRC1</attalias><attrtype Sync="TRUE">String</attrtype><attwidth Sync="TRUE">254</attwidth><atprecis Sync="TRUE">0</atprecis><attscale Sync="TRUE">0</attscale></attr><attr><attrlabl Sync="TRUE">OFATID</attrlabl><attalias Sync="TRUE">OFATID</attalias><attrtype Sync="TRUE">Integer</attrtype><attwidth Sync="TRUE">10</attwidth><atprecis Sync="TRUE">10</atprecis><attscale Sync="TRUE">0</attscale></attr><attr><attrlabl Sync="TRUE">MERGE_SR_1</attrlabl><attalias Sync="TRUE">MERGE_SR_1</attalias><attrtype Sync="TRUE">String</attrtype><attwidth Sync="TRUE">254</attwidth><atprecis Sync="TRUE">0</atprecis><attscale Sync="TRUE">0</attscale></attr><attr><attrlabl Sync="TRUE">Shape_Leng</attrlabl><attalias Sync="TRUE">Shape_Leng</attalias><attrtype Sync="TRUE">Double</attrtype><attwidth Sync="TRUE">19</attwidth><atprecis Sync="TRUE">0</atprecis><attscale Sync="TRUE">0</attscale></attr><attr><attrlabl Sync="TRUE">Shape_Area</attrlabl><attalias Sync="TRUE">Shape_Area</attalias><attrtype Sync="TRUE">Double</attrtype><attwidth Sync="TRUE">19</attwidth><atprecis Sync="TRUE">0</atprecis><attscale Sync="TRUE">0</attscale><attrdef Sync="TRUE">Area of feature in internal units squared.</attrdef><attrdefs Sync="TRUE">Esri</attrdefs><attrdomv><udom Sync="TRUE">Positive real numbers that are automatically generated.</udom></attrdomv></attr></detailed></eainfo><mdDateSt Sync="TRUE">20230830</mdDateSt></metadata>
